{
	"items": [
        {
          "odyssey": {
			"nama": "ODYSSEY",
			"promo": "22",
			"min": "235.000.000",
			"max": "860.000.000",
			"wa": "https://api.whatsapp.com/send?phone=6282221433336&text=Halo%20gan,%20Saya%20mau%20tanya%20promo%20Honda%20Odyssey%20yang%20di%20website%20dong"
		},
          "hrv": {
			"nama": "HR-V",
			"promo": "22",
			"min": "235.000.000",
			"max": "860.000.000",
			"wa": "https://api.whatsapp.com/send?phone=6282221433336&text=Halo%20gan,%20Saya%20mau%20tanya%20promo%20Honda%20HR-V%20yang%20di%20website%20dong"
		},
          "crv": {
			"nama": "CR-V",
			"promo": "22",
			"min": "235.000.000",
			"max": "860.000.000",
			"wa": "https://api.whatsapp.com/send?phone=6282221433336&text=Halo%20gan,%20Saya%20mau%20tanya%20promo%20Honda%20CR-V%20yang%20di%20website%20dong"
		},
          "civic": {
			"nama": "CIVIC",
			"promo": "22",
			"min": "235.000.000",
			"max": "860.000.000",
			"wa": "https://api.whatsapp.com/send?phone=6282221433336&text=Halo%20gan,%20Saya%20mau%20tanya%20promo%20Honda%20Civic%20yang%20di%20website%20dong"
		},
          "city": {
			"nama": "CITY",
			"promo": "22",
			"min": "235.000.000",
			"max": "860.000.000",
			"wa": "https://api.whatsapp.com/send?phone=6282221433336&text=Halo%20gan,%20Saya%20mau%20tanya%20promo%20Honda%20City%20yang%20di%20website%20dong"
		},
          "brv": {
			"nama": "BR-V",
			"promo": "22",
			"min": "235.000.000",
			"max": "860.000.000",
			"wa": "https://api.whatsapp.com/send?phone=6282221433336&text=Halo%20gan,%20Saya%20mau%20tanya%20promo%20Honda%20BR-V%20yang%20di%20website%20dong"
		},
          "accord": {
			"nama": "ACCORD",
			"promo": "22",
			"min": "235.000.000",
			"max": "860.000.000",
			"wa": "https://api.whatsapp.com/send?phone=6282221433336&text=Halo%20gan,%20Saya%20mau%20tanya%20promo%20Honda%20Accord%20yang%20di%20website%20dong"
		},
          "brio": {
			"nama": "BRIO",
			"promo": "22",
			"min": "235.000.000",
			"max": "860.000.000",
			"wa": "https://api.whatsapp.com/send?phone=6282221433336&text=Halo%20gan,%20Saya%20mau%20tanya%20promo%20Honda%20Brio%20yang%20di%20website%20dong"
		},
          "jazz": {
			"nama": "JAZZ",
			"promo": "22",
			"min": "235.000.000",
			"max": "860.000.000",
			"wa": "https://api.whatsapp.com/send?phone=6282221433336&text=Halo%20gan,%20Saya%20mau%20tanya%20promo%20Honda%20Jazz%20yang%20di%20website%20dong"
		},
          "mobilio": {
			"nama": "MOBILIO",
			"promo": "22",
			"min": "235.000.000",
			"max": "860.000.000",
			"wa": "https://api.whatsapp.com/send?phone=6282221433336&text=Halo%20gan,%20Saya%20mau%20tanya%20promo%20Honda%20Mobilio%20yang%20di%20website%20dong"
		}
        }
	]
}