{
	"items":[
		{"brand": "/assets/img/logo/honda.png",
		"brandalt": "logo honda",
		"brandheight": "45",
		"brandwidth": "80",
									
		
		
			
			"nama": "OUTLANDER SPORT",
			"min": "1.230.000.000",
			"max": "1.430.000.000",
			"image": "/assets/img/honda/brio.png",
			"height": "80",
			"link": "/honda/brio"
		},
		{
			"nama": "HONDA MOBILIO",
			"min": "1.230.000.000",
			"max": "1.430.000.000",
			"image": "/assets/img/honda/mobilio.png",
			"height": "98",
			"link": "/honda/accord"
		},
		{
			"nama": "HONDA BR-V",
			"min": "230.000.000",
			"max": "430.000.000",
			"image": "/assets/img/honda/brv.png",
			"height": "98",
			"link": "/honda/brv"
		},
		{
			"nama": "HONDA HR-V",
			"min": "230.000.000",
			"max": "430.000.000",
			"image": "/assets/img/honda/hrv.png",
			"height": "98",
			"link": "/honda/hrv"
		},
		{
			"nama": "HONDA CR-V",
			"min": "230.000.000",
			"max": "430.000.000",
			"image": "/assets/img/honda/crv.png",
			"height": "98",
			"link": "/honda/crv"
		},
		{
			"nama": "HONDA JAZZ",
			"min": "230.000.000",
			"max": "430.000.000",
			"image": "/assets/img/honda/jazz.png",
			"height": "98",
			"link": "/honda/jazz"
		},
		{
			"nama": "HONDA CITY",
			"min": "230.000.000",
			"max": "430.000.000",
			"image": "/assets/img/honda/city.png",
			"height": "98",
			"link": "/honda/city"
		},
		{
			"nama": "HONDA ACCORD",
			"min": "230.000.000",
			"max": "430.000.000",
			"image": "/assets/img/honda/accord.png",
			"height": "98",
			"link": "/honda/accord"
		},
		{
			"nama": "HONDA CIVIC",
			"min": "230.000.000",
			"max": "430.000.000",
			"image": "/assets/img/honda/civic.png",
			"height": "98",
			"link": "/honda/civic"
		},
		{
			"nama": "HONDA ODYSSEY",
			"min": "230.000.000",
			"max": "430.000.000",
			"image": "/assets/img/honda/odyssey.png",
			"height": "98",
			"link": "/honda/osyssey"
		}
	]

}