{
	"items": [
        {
          "promo1": {
			"nama": "JAZZ",
			"dp": "22",
			"cicilan": "2.000.000",
			"wa": "https://api.whatsapp.com/send?phone=6282221433336&text=Halo%20gan,%20Saya%20mau%20tanya%20promo%20Honda%20Brio%20yang%20di%20website%20dong"
		},
        
          "promo2": {
			"nama": "BRIO",
			"dp": "22",
			"cicilan": "2.200.000",
			"wa": "https://api.whatsapp.com/send?phone=6282221433336&text=Halo%20gan,%20Saya%20mau%20tanya%20promo%20Honda%20Mobilio%20yang%20di%20website%20dong"
		},
        
          "promo3": {
			"nama": "MOBILIO",
			"dp": "22",
			"cicilan": "2.200.000",
			"wa": "https://api.whatsapp.com/send?phone=6282221433336&text=Halo%20gan,%20Saya%20mau%20tanya%20promo%20Honda%20Mobilio%20yang%20di%20website%20dong"
		},
       
          "promo4": {
			"nama": "SIGRA",
			"dp": "22",
			"cicilan": "2.200.000",
			"wa": "https://api.whatsapp.com/send?phone=6282221433336&text=Halo%20gan,%20Saya%20mau%20tanya%20promo%20Honda%20Mobilio%20yang%20di%20website%20dong"
        }
}
	]
}